2010-01-01 00:10:00;-2.026224;-1.380000;-3.200000;99.500519;2.003777;139.515228;990.934631;2000.000000;8.440000;0.790001
2010-01-02 00:00:00;-2.515486;-0.410000;-4.790000;94.678749;1.671319;238.478943;1005.062500;1977.104126;7.610000;1.489998
2010-01-03 00:00:00;-4.325279;-0.400000;-5.980000;99.651947;1.278888;270.607452;1010.931885;1941.895874;6.080000;2.370003
2010-01-04 00:00:00;-5.277641;-3.200000;-8.630000;98.908989;1.712986;242.167801;1007.998352;1919.312500;8.160000;0.019997
2010-01-05 00:00:00;-2.008819;-0.620000;-3.130000;99.661179;1.711111;204.929016;997.931946;2000.000000;7.550000;0.010002
2010-01-06 00:00:00;-3.762362;-2.240000;-5.230000;93.553543;1.117708;217.537796;995.138000;2000.000000;5.980000;0.000000
2010-01-07 00:00:00;-3.257432;-2.010000;-4.200000;99.652504;0.820070;225.556274;1001.406006;2000.000000;5.310000;0.290001
2010-01-08 00:00:00;-3.861049;-2.670000;-6.020000;98.099495;2.056573;40.887901;1010.871948;2000.000000;11.390000;0.000000
2010-01-09 00:00:00;-2.342847;-1.270000;-3.790000;97.026703;3.411875;39.787292;1008.159424;1969.208374;13.920000;1.860001
2010-01-10 00:00:00;-1.836389;-1.500000;-2.120000;97.646439;1.869792;52.373253;1006.742493;1993.256958;9.210000;0.830002
2010-01-11 00:00:00;-1.275764;-0.160000;-3.110000;97.454117;1.370694;129.100723;1009.058289;2000.000000;6.220000;0.139999
2010-01-12 00:00:00;-4.173264;-2.830000;-5.830000;95.450264;2.333333;94.019691;1006.714722;1955.833374;10.140000;0.070000
2010-01-13 00:00:00;-4.582708;-2.970000;-6.200000;88.199944;3.913957;88.701035;998.550476;2000.000000;12.980000;0.000000
2010-01-14 00:00:00;-0.299375;1.290000;-2.880000;97.469116;1.644097;84.759583;1000.646240;2000.000000;5.200000;0.000000
2010-01-15 00:00:00;0.925694;1.660000;0.320000;98.967346;0.946528;121.966103;1012.260498;2000.000000;5.480000;0.000000
2010-01-16 00:00:00;-0.500139;0.840000;-1.960000;96.309113;2.569654;110.685783;1009.505981;2000.000000;9.700000;0.389999
2010-01-17 00:00:00;2.037431;4.060000;-0.530000;99.735832;1.908125;205.727768;1003.339966;1772.805542;10.540000;1.049995
2010-01-18 00:00:00;3.539166;4.180000;3.060000;99.771965;2.298125;234.780579;1014.705200;1908.562500;7.980000;0.440002
2010-01-19 00:00:00;4.348404;5.080000;3.590000;99.802261;1.413125;253.138351;1013.211487;1993.083374;6.340000;0.370003
2010-01-20 00:00:00;3.062708;3.850000;1.720000;97.667473;1.857084;102.874748;1008.011475;1677.930542;7.490000;0.000000
2010-01-21 00:00:00;1.295347;3.040000;-1.810000;95.951241;2.393264;81.648163;1013.213135;2000.000000;6.830000;0.000000
2010-01-22 00:00:00;-1.871528;0.770000;-3.440000;99.461472;2.488472;82.645744;1016.992859;2000.000000;7.090000;0.000000
2010-01-23 00:00:00;-2.930556;-1.170000;-4.620000;98.146523;2.434375;87.990326;1015.597351;2000.000000;7.390000;0.000000
2010-01-24 00:00:00;-1.897778;-0.970000;-3.090000;96.925385;1.540139;77.807999;1015.114929;1973.527832;6.380000;0.360001
2010-01-25 00:00:00;-4.561945;-2.510000;-7.730000;95.714584;1.210486;87.986046;1020.468323;1956.312500;5.800000;1.549995
2010-01-26 00:00:00;-9.016595;-5.310000;-11.890000;84.311958;1.211528;67.028053;1030.426880;2000.000000;5.290000;0.000000
2010-01-27 00:00:00;-6.231111;-0.200000;-11.190000;87.974640;2.768681;225.456604;1017.120422;2000.000000;16.830000;0.389999
2010-01-28 00:00:00;0.790347;2.220000;-0.500000;99.742874;3.405208;273.409851;994.660889;2000.000000;13.250000;1.330002
2010-01-29 00:00:00;-0.203194;0.540000;-1.220000;99.716995;2.840833;249.978897;978.532959;1995.402832;10.690000;11.190002
2010-01-30 00:00:00;-2.373056;-0.730000;-5.320000;99.708138;2.118472;276.861359;983.375427;1999.965332;8.790000;0.709999
2010-01-31 00:00:00;-0.923403;0.000000;-2.630000;99.725967;3.210486;236.018341;992.710388;1994.618042;10.450000;0.860001
2010-02-01 00:00:00;-0.275764;1.390000;-1.680000;96.791985;3.089029;254.716171;998.358093;2000.000000;11.500000;0.659996
2010-02-02 00:00:00;-0.081319;2.640000;-2.660000;98.755089;3.727431;227.829514;996.748352;1991.340332;14.880000;6.889999
2010-02-03 00:00:00;0.902361;3.260000;-0.940000;99.667450;2.218819;234.851837;998.655151;2000.000000;8.830000;0.080002
2010-02-04 00:00:00;3.270001;6.960000;-0.590000;99.768349;1.304028;147.138672;1003.011169;2000.000000;6.300000;0.250000
2010-02-05 00:00:00;3.478750;5.830000;1.290000;98.241234;2.256736;115.790688;998.742432;2000.000000;8.970000;0.000000
2010-02-06 00:00:00;2.017917;3.940000;0.290000;99.710587;0.901111;114.708946;1004.525269;1721.777832;5.490000;0.040001
2010-02-07 00:00:00;0.431944;3.260000;-3.710000;98.962769;1.653056;102.490700;1012.168823;1857.583374;6.520000;0.000000
2010-02-08 00:00:00;-4.178806;0.000000;-5.970000;83.001274;2.554477;70.391434;1004.645264;2000.000000;8.240000;0.000000
2010-02-09 00:00:00;-5.025764;-3.690000;-6.560000;78.894737;1.722153;156.820862;999.344055;2000.000000;6.710000;0.640000
2010-02-10 00:00:00;-4.647500;-3.170000;-5.940000;83.275963;1.761806;197.135986;1001.384521;1996.013916;8.030000;0.690000
2010-02-11 00:00:00;-3.264028;-1.570000;-4.730000;78.939072;2.484653;55.287144;1006.093201;2000.000000;12.160000;0.320000
2010-02-12 00:00:00;-3.689027;-3.110000;-4.380000;82.419357;2.032222;303.921478;1009.334534;2000.000000;8.180000;0.580000
2010-02-13 00:00:00;-2.947500;-1.510000;-4.250000;83.725639;1.428889;279.439636;1008.755859;1972.138916;5.550000;2.730000
2010-02-14 00:00:00;-3.871111;-2.500000;-5.650000;84.213570;1.285625;108.961548;1005.013245;2000.000000;5.220000;0.390000
2010-02-15 00:00:00;-4.269515;-0.820000;-7.710000;81.549355;1.301041;99.424324;999.292847;2000.000000;4.290000;0.140000
2010-02-16 00:00:00;-0.910486;2.850000;-3.740000;72.523773;1.388611;144.091278;993.727966;2000.000000;8.660000;0.300000
2010-02-17 00:00:00;-0.985278;3.730000;-6.150000;69.208832;1.671666;92.505272;986.694214;2000.000000;4.910000;0.060000
2010-02-18 00:00:00;2.945486;5.220000;1.510000;85.221375;1.478472;168.708832;986.209961;1977.187500;7.970000;0.150000
2010-02-19 00:00:00;4.242777;7.240000;1.300000;75.580025;2.400625;197.115723;983.775513;2000.000000;11.190000;0.060000
2010-02-20 00:00:00;1.522014;3.460000;0.140000;78.744987;3.026736;229.359802;987.929443;2000.000000;11.190000;0.010000
2010-02-21 00:00:00;1.453403;4.040000;-0.750000;81.608734;1.167500;186.265472;990.227417;2000.000000;6.840000;0.000000
2010-02-22 00:00:00;5.378958;9.450000;1.950000;82.813889;1.612223;162.509216;980.878601;2000.000000;16.610001;1.580000
2010-02-23 00:00:00;2.505070;8.490000;0.880000;92.853760;2.543334;131.986267;984.909058;2000.000000;10.600000;1.950000
2010-02-24 00:00:00;6.678611;11.910000;1.860000;86.276657;1.273264;149.235992;988.889221;2000.000000;7.000000;0.429999
2010-02-25 00:00:00;8.419374;10.220000;7.530000;82.132164;2.352917;169.968201;985.392334;2000.000000;14.740000;0.920000
2010-02-26 00:00:00;8.035905;11.800000;4.210000;80.307915;2.992222;188.000687;981.684021;2000.000000;16.000000;0.680000
2010-02-27 00:00:00;6.718265;10.130000;4.420000;72.663391;3.504166;196.632111;990.689758;2000.000000;16.040001;0.260000
2010-02-28 00:00:00;6.545000;11.170000;2.910000;78.994598;4.246805;167.092361;976.370361;2000.000000;25.760000;2.860000
2010-03-01 00:00:00;4.122985;6.920000;2.040000;76.690338;4.113818;264.574188;997.303406;2000.000000;18.670000;0.640000
2010-03-02 00:00:00;2.408125;6.590000;-0.710000;77.573532;2.369722;257.051575;1011.222961;1950.909668;9.890000;0.000000
2010-03-03 00:00:00;2.637014;6.580000;-0.460000;75.836792;1.407222;183.836761;1014.151062;1963.375000;6.300000;0.000000
2010-03-04 00:00:00;0.754043;5.240000;-2.400000;70.575882;1.694256;326.562012;1011.930054;1821.347534;9.960000;0.000000
2010-03-05 00:00:00;-0.297222;3.300000;-2.970000;78.824661;2.603681;269.834869;1013.677612;1959.145874;16.299999;3.580000
2010-03-06 00:00:00;-0.826643;1.010000;-3.130000;71.492439;2.648042;101.016884;1013.520569;1997.468506;13.750000;0.370000
2010-03-07 00:00:00;-1.970346;2.130000;-5.840000;57.069317;1.468820;42.912144;1024.693848;1986.111084;7.750000;3.950000
2010-03-08 00:00:00;-1.147917;1.110000;-2.710000;71.411537;1.353056;170.475143;1019.211609;2000.000000;6.780000;0.040000
2010-03-09 00:00:00;-0.808820;2.730000;-4.350000;62.629936;1.391389;67.579102;1019.425232;2000.000000;7.520000;0.000000
2010-03-10 00:00:00;0.038125;4.480000;-3.130000;63.170975;1.937569;48.215691;1017.847900;2000.000000;9.670000;0.000000
2010-03-11 00:00:00;-1.562013;1.570000;-3.340000;84.604500;1.721111;106.417999;1011.987183;2000.000000;7.370000;0.140000
2010-03-12 00:00:00;3.333055;6.210000;-0.270000;77.917229;2.187222;256.805450;1009.613525;2000.000000;10.410000;0.000000
2010-03-13 00:00:00;4.294722;6.580000;2.530000;80.801392;3.452014;281.285400;1013.730713;2000.000000;12.470000;0.140000
2010-03-14 00:00:00;4.914514;7.390000;2.530000;82.823898;3.950693;276.995544;1011.788940;2000.000000;14.640000;0.510000
2010-03-15 00:00:00;4.303820;7.310000;1.730000;84.742157;3.187430;266.271667;1011.888428;2000.000000;16.260000;1.130000
2010-03-16 00:00:00;4.319931;5.740000;1.350000;82.244354;2.310903;271.709686;1015.555542;2000.000000;8.460000;0.010000
2010-03-17 00:00:00;8.056529;12.750000;3.690000;66.025414;2.159722;219.197617;1015.304382;2000.000000;11.640000;0.000000
2010-03-18 00:00:00;11.572500;17.250000;5.450000;52.355827;1.695764;197.449829;1011.991638;2000.000000;8.500000;0.000000
2010-03-19 00:00:00;13.124511;16.180000;10.700000;63.813206;2.364375;201.567413;1006.533875;2000.000000;14.390000;0.060000
2010-03-20 00:00:00;13.589791;16.180000;11.030000;82.730988;2.914791;210.801010;1000.019836;2000.000000;12.000000;0.470000
2010-03-21 00:00:00;10.415139;13.990000;6.860000;83.079514;2.184445;273.528656;1004.140869;2000.000000;11.200000;2.330000
2010-03-22 00:00:00;8.148195;12.320000;3.210000;81.552139;0.873681;173.402130;1012.728516;1931.756958;7.990000;0.000000
2010-03-23 00:00:00;10.327712;14.980000;7.480000;65.951050;1.492847;203.627151;1010.516907;2000.000000;7.080000;0.000000
2010-03-24 00:00:00;12.908887;19.620001;7.070000;58.666382;1.654028;116.139252;1003.798157;2000.000000;8.280000;0.000000
2010-03-25 00:00:00;15.460068;21.629999;9.610000;54.622776;1.461389;139.385635;998.010742;2000.000000;12.270000;0.010000
2010-03-26 00:00:00;10.416183;15.220000;7.150000;80.639091;1.520069;216.779587;997.652771;2000.000000;8.290000;1.840000
2010-03-27 00:00:00;9.239307;12.390000;6.700000;74.281433;2.335278;230.861435;996.677429;2000.000000;9.700000;0.090000
2010-03-28 00:00:00;8.550553;11.650000;6.770000;78.265686;2.974098;237.809052;999.087158;2000.000000;13.880000;1.950000
2010-03-29 00:00:00;9.255138;13.390000;7.260000;81.463127;1.220278;187.152237;995.908325;2000.000000;6.560000;1.480000
2010-03-30 00:00:00;11.680413;17.629999;6.920000;72.295006;2.266666;156.641220;986.207581;2000.000000;15.790000;0.180000
2010-03-31 00:00:00;7.912847;12.530000;4.990000;63.026875;3.283055;199.795868;989.799255;2000.000000;18.590000;0.060000
2010-04-01 00:00:00;5.124376;7.860000;3.280000;69.413910;3.910694;219.032730;999.067261;2000.000000;17.400000;0.490000
2010-04-02 00:00:00;7.908402;12.660000;2.300000;50.778442;1.997431;160.575287;1004.230774;2000.000000;12.260000;0.010000
2010-04-03 00:00:00;9.946803;12.510000;6.970000;62.250992;1.732361;159.862366;999.463135;2000.000000;11.290000;0.200000
2010-04-04 00:00:00;8.670349;11.200000;6.620000;74.238472;2.674237;201.368057;1000.137024;2000.000000;14.250000;0.750000
2010-04-05 00:00:00;8.256182;11.550000;4.670000;64.719780;2.689028;239.897873;1015.574890;2000.000000;11.320000;0.000000
2010-04-06 00:00:00;11.325834;17.200001;4.900000;51.696239;1.562500;143.791504;1014.655945;2000.000000;8.630000;0.000000
2010-04-07 00:00:00;14.642571;21.770000;8.350000;45.731308;1.557083;180.509964;1009.217224;2000.000000;7.730000;0.000000
2010-04-08 00:00:00;10.945764;15.000000;6.740000;77.251663;1.885833;321.939850;1016.232544;2000.000000;9.920000;0.180000
2010-04-09 00:00:00;8.970415;14.510000;3.570000;72.534149;1.482292;277.973053;1022.783752;2000.000000;6.810000;0.000000
2010-04-10 00:00:00;7.269098;10.820000;4.040000;72.999596;2.046390;328.877228;1022.123291;2000.000000;8.740000;0.000000
2010-04-11 00:00:00;5.694513;8.480000;2.420000;78.357147;2.279445;132.691986;1018.026672;2000.000000;10.460000;0.039999
2010-04-12 00:00:00;8.752641;13.390000;4.330000;67.167213;2.420764;80.809486;1013.720154;2000.000000;11.490000;0.000000
2010-04-13 00:00:00;10.212017;15.800000;3.980000;58.500751;1.926388;128.192429;1010.463745;2000.000000;10.200000;0.000000
2010-04-14 00:00:00;9.814097;14.140000;4.320000;59.604370;2.147986;141.793396;1009.424805;2000.000000;11.090000;0.000000
2010-04-15 00:00:00;9.667225;15.400000;4.320000;53.181175;1.904028;164.223648;1010.965698;2000.000000;9.720000;0.000000
2010-04-16 00:00:00;7.703960;12.250000;4.580000;63.899075;2.197917;331.632172;1014.830505;2000.000000;10.840000;0.000000
2010-04-17 00:00:00;9.170692;17.150000;1.360000;54.417645;0.709028;214.389008;1013.351440;2000.000000;5.080000;0.000000
2010-04-18 00:00:00;12.703193;19.719999;4.000000;47.926609;1.055694;237.261780;1005.492065;2000.000000;6.820000;0.000000
2010-04-19 00:00:00;9.492637;14.720000;4.980000;56.660572;1.612986;157.905548;1007.687256;2000.000000;8.160000;0.000000
2010-04-20 00:00:00;8.763823;13.970000;4.490000;57.273533;2.830556;219.515137;1006.024109;2000.000000;14.380000;0.030001
2010-04-21 00:00:00;5.920069;8.930000;3.720000;64.537354;2.952986;283.779358;1008.838440;2000.000000;14.220000;0.590000
2010-04-22 00:00:00;7.113057;12.020000;2.490000;56.587997;1.508958;284.509369;1009.289307;2000.000000;6.630000;0.000000
2010-04-23 00:00:00;9.396458;15.060000;2.160000;49.033405;1.005903;139.677704;1008.211182;2000.000000;6.010000;0.000000
2010-04-24 00:00:00;12.435972;18.920000;4.280000;42.098263;1.259305;97.891693;1011.793701;2000.000000;6.900000;0.000000
2010-04-25 00:00:00;17.495279;25.299999;8.950000;40.147213;1.623958;175.465286;1011.985352;2000.000000;12.460000;0.000000
2010-04-26 00:00:00;12.137778;16.010000;10.070000;84.194954;2.282847;257.243011;1014.477844;2000.000000;10.120000;2.180000
2010-04-27 00:00:00;12.666875;18.459999;8.120000;72.058228;1.312500;234.174988;1018.554443;1986.111084;8.020000;18.860001
2010-04-28 00:00:00;15.823264;22.000000;8.220000;56.285484;0.778750;165.205688;1015.258118;2000.000000;6.200000;0.000000
2010-04-29 00:00:00;20.094652;25.940001;14.010000;45.766121;1.309375;184.162903;1003.529297;2000.000000;8.050000;0.000000
2010-04-30 00:00:00;13.774583;19.530001;9.580000;73.752991;2.980903;233.746063;999.966553;2000.000000;14.290000;0.129999
2010-05-01 00:00:00;11.883680;16.650000;8.040000;69.723671;2.367848;240.010468;1001.574219;2000.000000;13.670000;0.040001
2010-05-02 00:00:00;10.211946;13.560000;8.060000;83.200699;1.869861;91.860901;1001.203125;2000.000000;9.070000;0.570000
2010-05-03 00:00:00;8.610973;11.310000;6.460000;83.796677;1.462570;263.645264;1003.430542;1929.368042;7.510000;0.000000
2010-05-04 00:00:00;8.299099;12.040000;5.070000;65.538605;2.588125;307.229218;1012.252258;2000.000000;10.940000;0.000000
2010-05-05 00:00:00;7.545556;12.440000;2.360000;63.518539;1.548541;99.419609;1009.707581;2000.000000;10.880000;0.000000
2010-05-06 00:00:00;6.964653;9.290000;5.160000;78.769165;2.286180;32.794315;998.986084;2000.000000;10.950000;1.690001
2010-05-07 00:00:00;6.314515;8.310000;4.040000;90.686699;1.070764;246.076172;998.210632;2000.000000;6.180000;1.219999
2010-05-08 00:00:00;8.814791;11.580000;6.420000;80.990936;0.814722;188.770538;1001.293823;2000.000000;4.780000;0.020000
2010-05-09 00:00:00;10.268192;14.130000;6.390000;76.063454;1.306111;252.886688;1001.137451;2000.000000;7.580000;0.000000
2010-05-10 00:00:00;8.457084;10.780000;6.280000;64.498962;1.489167;156.883636;1001.487976;2000.000000;5.600000;0.000000
2010-05-11 00:00:00;7.575488;9.510000;4.700000;71.754822;2.131250;102.688942;1000.583008;2000.000000;11.220000;0.230000
2010-05-12 00:00:00;6.880904;8.340000;5.960000;90.796730;2.094791;275.008087;999.103760;2000.000000;8.000000;0.940001
2010-05-13 00:00:00;7.586806;9.220000;5.970000;83.667160;1.626250;314.857178;1004.103271;2000.000000;5.740000;0.039999
2010-05-14 00:00:00;9.200555;11.940000;7.020000;70.255142;1.313680;249.564209;1004.088013;2000.000000;7.840000;0.000000
2010-05-15 00:00:00;9.131878;11.090000;6.570000;68.929382;2.016806;303.489502;1003.644104;2000.000000;9.620000;0.020000
2010-05-16 00:00:00;11.640209;16.270000;7.150000;61.503967;2.882291;262.604126;1005.702881;1986.111084;12.150000;23.760000
2010-05-17 00:00:00;11.111459;16.620001;8.270000;70.949219;2.050417;262.669067;1011.916870;2000.000000;11.410000;0.760000
2010-05-18 00:00:00;10.004166;14.790000;5.680000;69.861115;2.313263;307.485107;1017.866089;2000.000000;10.950000;0.000000
2010-05-19 00:00:00;11.605696;15.660000;7.540000;59.373604;3.190556;316.060455;1017.703125;2000.000000;14.150000;0.000000
2010-05-20 00:00:00;14.547777;20.680000;9.470000;52.662014;2.664514;323.785034;1020.273560;2000.000000;11.980000;0.000000
2010-05-21 00:00:00;15.792430;21.969999;9.390000;58.509384;1.620903;311.029755;1020.103088;2000.000000;8.820000;0.000000
2010-05-22 00:00:00;14.669656;23.000000;8.500000;71.892303;1.738611;309.326111;1017.637146;2000.000000;7.750000;0.000000
2010-05-23 00:00:00;16.791039;24.059999;9.260000;71.010536;1.673819;296.783264;1013.768127;2000.000000;7.160000;0.000000
2010-05-24 00:00:00;18.281593;23.799999;12.560000;62.184509;2.963472;272.365204;1004.321533;2000.000000;15.330000;0.000000
2010-05-25 00:00:00;14.011596;18.250000;9.840000;59.938957;1.981041;254.889084;1004.158508;2000.000000;10.010000;0.000000
2010-05-26 00:00:00;9.871111;12.800000;6.910000;72.173172;1.743819;96.418816;1001.186401;2000.000000;8.160000;0.650000
2010-05-27 00:00:00;12.514240;16.580000;8.450000;68.907646;1.179862;271.567932;1000.696289;2000.000000;5.870000;0.090000
2010-05-28 00:00:00;14.077363;18.340000;9.480000;59.370770;2.091945;291.898773;1004.599182;2000.000000;13.000000;0.010000
2010-05-29 00:00:00;14.995071;21.430000;6.210000;51.613728;1.176180;173.051758;1007.885498;2000.000000;9.660000;0.000000
2010-05-30 00:00:00;12.868751;17.080000;8.460000;86.063263;2.844863;233.709015;997.759888;1986.111084;22.500000;27.809999
2010-05-31 00:00:00;11.320902;13.920000;8.350000;90.561256;1.810556;253.245438;1003.464539;2000.000000;9.250000;0.070000
2010-06-01 00:00:00;14.943126;19.219999;9.520000;69.269508;1.671528;299.162354;1006.961670;1971.055542;7.880000;0.010000
2010-06-02 00:00:00;15.090696;19.820000;9.620000;66.026894;2.060070;257.843109;1009.494873;2000.000000;10.020000;0.000000
2010-06-03 00:00:00;16.861595;22.770000;9.830000;56.521793;1.959445;159.337738;1012.567688;2000.000000;9.890000;0.000000
2010-06-04 00:00:00;17.516670;23.910000;10.120000;54.777645;1.194861;229.168625;1012.679443;2000.000000;6.190000;0.000000
2010-06-05 00:00:00;20.171677;26.610001;11.600000;50.744061;0.907273;187.568161;1010.915527;2000.000000;5.770000;0.000000
2010-06-06 00:00:00;21.706741;29.270000;15.150000;55.307148;1.327292;154.452209;1003.115234;2000.000000;9.050000;0.230000
2010-06-07 00:00:00;17.036318;19.660000;14.360000;72.183136;3.027987;221.144836;1001.835510;2000.000000;14.360000;0.010000
2010-06-08 00:00:00;17.721941;22.440001;13.720000;75.812988;1.060278;123.877686;998.484070;2000.000000;5.900000;0.560001
2010-06-09 00:00:00;19.329374;23.129999;16.900000;81.665054;0.984583;187.478806;998.010315;2000.000000;9.020000;0.129999
2010-06-10 00:00:00;21.160072;24.650000;17.180000;77.675369;1.055625;128.543808;997.772888;2000.000000;6.870000;0.280001
2010-06-11 00:00:00;20.296043;26.049999;15.610000;70.411171;3.448263;231.209015;997.864380;2000.000000;20.209999;0.170000
2010-06-12 00:00:00;15.051739;18.760000;11.550000;73.402870;1.800972;270.116943;1003.292664;2000.000000;10.200000;0.029999
2010-06-13 00:00:00;13.793815;18.600000;8.880000;64.257706;1.450070;222.196884;1007.858093;2000.000000;6.470000;0.000000
2010-06-14 00:00:00;17.075768;21.959999;12.380000;55.712280;1.705625;66.642357;1007.504761;2000.000000;7.600000;0.000000
2010-06-15 00:00:00;14.417082;19.139999;9.870000;58.307373;2.247222;147.222061;1014.630615;2000.000000;10.110000;0.000000
2010-06-16 00:00:00;16.240278;21.790001;8.940000;55.214458;2.642778;98.269379;1014.174805;2000.000000;12.640000;0.000000
2010-06-17 00:00:00;18.635277;23.459999;11.760000;49.074799;2.480972;106.471443;1010.136169;2000.000000;11.150000;0.000000
2010-06-18 00:00:00;14.019449;17.540001;11.370000;71.244949;2.799514;325.925720;1005.693054;2000.000000;10.740000;0.000000
2010-06-19 00:00:00;11.665625;15.070000;9.310000;69.406166;2.862361;279.918610;1000.098389;2000.000000;12.690000;0.180000
2010-06-20 00:00:00;12.323334;16.110001;9.650000;72.065697;2.295624;285.254272;1004.989502;2000.000000;10.680000;0.000000
2010-06-21 00:00:00;13.102642;17.020000;9.060000;67.828972;1.705833;296.985168;1011.839172;2000.000000;8.560000;0.000000
2010-06-22 00:00:00;15.814793;21.549999;8.860000;60.892788;1.029028;267.632660;1015.037781;2000.000000;6.440000;0.000000
2010-06-23 00:00:00;19.271879;25.250000;10.580000;48.605423;0.862014;186.733414;1013.578552;2000.000000;6.940000;0.000000
2010-06-24 00:00:00;21.894310;27.469999;13.370000;50.059654;1.041806;239.260818;1009.719727;2000.000000;7.250000;0.000000
2010-06-25 00:00:00;20.236732;25.190001;15.350000;55.322704;2.023543;267.161163;1008.398315;2000.000000;8.080000;0.000000
2010-06-26 00:00:00;20.011391;25.180000;14.120000;50.118279;1.375416;77.263382;1009.859680;2000.000000;7.630000;0.000000
2010-06-27 00:00:00;22.417849;28.760000;14.580000;47.060783;1.327708;85.815483;1010.898560;2000.000000;6.540000;0.000000
2010-06-28 00:00:00;24.746460;30.650000;17.660000;48.112926;1.328750;210.246201;1010.032104;2000.000000;8.350000;0.000000
2010-06-29 00:00:00;23.425495;29.000000;18.350000;49.026321;1.785139;286.713257;1010.095703;2000.000000;9.680000;0.000000
2010-06-30 00:00:00;21.986109;27.090000;16.049999;62.843750;0.914861;190.802856;1010.872803;2000.000000;8.030000;0.010000
2010-07-01 00:00:00;25.260550;30.400000;19.139999;52.537342;1.057153;170.607025;1007.536133;2000.000000;7.540000;0.000000
2010-07-02 00:00:00;28.117216;33.939999;20.290001;41.774521;1.159305;138.700729;1006.349731;2000.000000;7.780000;0.000000
2010-07-03 00:00:00;25.788406;34.820000;19.940001;61.547432;1.557500;198.021408;1007.669678;2000.000000;14.590000;3.340000
2010-07-04 00:00:00;22.270908;26.540001;18.879999;73.031403;1.491111;285.989716;1011.215149;2000.000000;6.980000;0.000000
2010-07-05 00:00:00;18.946316;22.990000;15.720000;73.032372;2.036597;255.233093;1010.945435;2000.000000;8.580000;0.740002
2010-07-06 00:00:00;17.248751;21.480000;12.510000;61.231514;1.981944;291.770477;1014.610046;2000.000000;9.230000;0.000000
2010-07-07 00:00:00;19.758337;26.040001;11.900000;50.034527;0.851389;218.882217;1013.898560;2000.000000;7.830000;0.000000
2010-07-08 00:00:00;25.230209;31.090000;18.350000;44.328903;0.981181;193.302231;1010.778442;2000.000000;7.340000;0.000000
2010-07-09 00:00:00;27.717358;34.349998;19.850000;44.491718;1.038611;185.473480;1009.077881;2000.000000;7.630000;0.000000
2010-07-10 00:00:00;29.092922;35.160000;22.120001;46.535351;1.073333;198.266296;1009.227966;2000.000000;5.920000;0.000000
2010-07-11 00:00:00;26.712288;32.290001;20.469999;66.217827;1.312639;197.512253;1007.427002;2000.000000;15.150000;1.949997
2010-07-12 00:00:00;24.838543;33.430000;20.549999;65.921310;1.955209;228.218155;1004.099182;2000.000000;27.139999;0.210003
2010-07-13 00:00:00;22.973677;28.790001;16.559999;58.228474;1.326458;203.472961;1002.891052;2000.000000;8.230000;0.000000
2010-07-14 00:00:00;25.236317;32.779999;19.290001;57.457626;1.745972;166.533722;998.912842;2000.000000;24.040001;2.889999
2010-07-15 00:00:00;20.839792;24.290001;17.270000;58.521946;3.010347;207.673248;1003.728943;2000.000000;15.860000;0.000000
2010-07-16 00:00:00;23.457081;29.910000;16.480000;49.198807;1.984861;199.811584;1006.261597;2000.000000;15.500000;2.590000
2010-07-17 00:00:00;19.406872;22.629999;15.890000;70.749031;2.109097;233.267578;1010.923157;1955.937500;11.220000;0.360001
2010-07-18 00:00:00;18.782017;24.650000;12.520000;56.271660;0.964861;218.793594;1018.078857;2000.000000;6.150000;0.000000
2010-07-19 00:00:00;22.187288;29.010000;14.400000;48.406681;0.666181;175.866150;1014.486633;2000.000000;6.470000;0.000000
2010-07-20 00:00:00;24.382706;29.629999;17.740000;43.667984;1.586181;99.972336;1006.472961;2000.000000;7.200000;0.000000
2010-07-21 00:00:00;24.692589;31.889999;19.059999;52.193222;1.888741;177.107666;999.714844;1986.014038;11.280000;42.529999
2010-07-22 00:00:00;19.478815;21.020000;18.160000;71.486382;1.233611;181.225082;1005.059265;2000.000000;5.490000;0.130001
2010-07-23 00:00:00;20.563194;25.510000;15.090000;61.727852;1.634167;264.136200;1008.113037;2000.000000;10.320000;0.000000
2010-07-24 00:00:00;17.426321;20.730000;13.370000;58.741951;2.639306;313.118408;1011.474304;2000.000000;12.720000;0.000000
2010-07-25 00:00:00;16.221733;21.740000;9.280000;67.598213;1.710695;243.063202;1007.887451;2000.000000;10.190000;0.000000
2010-07-26 00:00:00;16.889021;19.240000;14.720000;86.495758;1.605069;246.891296;1004.418274;2000.000000;7.530000;1.389999
2010-07-27 00:00:00;18.050550;23.190001;14.290000;77.540741;1.271181;254.505539;1008.351807;2000.000000;7.350000;0.000000
2010-07-28 00:00:00;18.851252;23.180000;16.090000;74.062508;2.053889;257.532745;1005.611206;2000.000000;10.060000;0.730000
2010-07-29 00:00:00;15.511734;18.730000;13.900000;87.241264;1.748403;284.124969;1002.879333;2000.000000;9.760000;2.400002
2010-07-30 00:00:00;17.619589;22.790001;13.800000;71.364578;1.726180;232.295761;1005.822144;2000.000000;8.820000;0.000000
2010-07-31 00:00:00;19.535275;25.280001;14.830000;64.676849;1.545486;183.744720;1005.825439;2000.000000;10.630000;0.029999
2010-08-01 00:00:00;20.753883;24.730000;17.350000;70.097527;1.555278;230.866318;1004.787415;2000.000000;7.670000;0.000000
2010-08-02 00:00:00;16.741179;20.049999;14.940000;84.482834;1.214444;259.132446;1006.783936;2000.000000;6.510000;0.490002
2010-08-03 00:00:00;17.025209;21.040001;14.240000;78.574806;1.579375;272.518951;1006.503235;2000.000000;9.570000;0.029999
2010-08-04 00:00:00;16.889370;21.260000;14.090000;79.671524;1.785208;191.269318;1000.427002;2000.000000;13.240000;0.689999
2010-08-05 00:00:00;16.882851;20.850000;14.480000;76.752724;1.800555;267.474670;1000.555969;2000.000000;9.360000;0.060001
2010-08-06 00:00:00;17.699726;23.010000;13.020000;63.191940;1.180972;257.972351;1008.657776;2000.000000;6.500000;0.000000
2010-08-07 00:00:00;18.943058;25.129999;12.480000;62.432575;1.208819;181.560425;1009.031677;2000.000000;7.460000;0.250000
2010-08-08 00:00:00;17.530840;19.650000;16.219999;89.463959;1.076458;241.239151;1007.160828;1990.340332;8.550000;12.910000
2010-08-09 00:00:00;18.024376;21.940001;15.410000;77.329910;1.459097;225.634094;1008.658752;2000.000000;7.120000;0.000000
2010-08-10 00:00:00;20.518887;26.400000;14.190000;65.749725;1.641875;192.913483;1005.439880;1986.618042;9.740000;0.090000
2010-08-11 00:00:00;19.112919;23.059999;16.740000;78.244034;1.986665;239.270126;1004.262024;2000.000000;8.630000;1.590000
2010-08-12 00:00:00;18.616179;23.480000;14.060000;60.452652;1.648889;302.270264;1005.196716;2000.000000;8.960000;0.000000
2010-08-13 00:00:00;17.401945;22.240000;12.350000;68.690079;0.967084;212.176102;1008.438904;2000.000000;6.050000;0.000000
2010-08-14 00:00:00;19.164650;24.420000;12.990000;68.068069;1.195278;104.500854;1008.793823;2000.000000;7.030000;0.000000
2010-08-15 00:00:00;17.320972;18.860001;15.880000;85.840546;1.704028;95.841255;1004.030823;2000.000000;10.850000;4.260002
2010-08-16 00:00:00;15.907218;17.760000;14.840000;93.779259;0.989167;136.387695;999.463562;1999.069458;6.530000;3.839996
2010-08-17 00:00:00;14.933675;17.950001;13.840000;95.685760;2.387847;261.585449;998.704407;2000.000000;13.020000;2.440002
2010-08-18 00:00:00;16.251873;20.340000;13.730000;85.646233;2.591250;235.163391;998.172852;2000.000000;9.460000;1.610001
2010-08-19 00:00:00;16.454168;20.709999;12.870000;74.297699;2.274305;213.434708;1006.390503;2000.000000;10.790000;0.000000
2010-08-20 00:00:00;20.571947;27.170000;13.170000;64.804932;1.156319;176.361282;1011.033203;2000.000000;8.310000;0.000000
2010-08-21 00:00:00;22.157429;26.680000;17.260000;72.497932;1.650348;218.032623;1012.857666;2000.000000;8.760000;0.000000
2010-08-22 00:00:00;20.903267;24.700001;18.150000;81.734879;1.622986;214.563263;1007.169922;2000.000000;8.660000;0.349998
2010-08-23 00:00:00;19.635971;22.809999;17.629999;85.816269;2.347639;182.993286;994.859375;1996.437500;19.950001;3.620003
2010-08-24 00:00:00;17.304520;19.660000;15.110000;66.581940;3.982432;238.285233;998.821716;2000.000000;16.240000;0.040001
2010-08-25 00:00:00;16.702843;20.280001;13.660000;70.338547;2.863750;234.837341;1006.174805;2000.000000;12.150000;0.029999
2010-08-26 00:00:00;16.616602;20.690001;13.800000;96.362274;1.344167;158.319153;999.338440;1998.013916;12.890000;15.059998
2010-08-27 00:00:00;15.516318;19.020000;12.410000;94.062798;2.047916;273.433746;995.594482;1997.062500;11.130000;10.959998
2010-08-28 00:00:00;13.375972;17.290001;11.160000;82.055336;2.129723;261.790771;1006.671875;2000.000000;13.070000;0.710000
2010-08-29 00:00:00;12.183544;15.110000;8.380000;87.831718;3.086181;231.091522;1001.529175;2000.000000;13.550000;3.800000
2010-08-30 00:00:00;12.054375;16.680000;8.290000;85.885330;2.497569;309.695190;1002.685242;2000.000000;13.030000;0.530000
2010-08-31 00:00:00;14.196250;18.290001;10.710000;78.142120;1.763889;313.970642;1013.811218;2000.000000;9.390000;0.000000
2010-09-01 00:00:00;13.524375;17.420000;11.250000;82.057785;1.115139;295.715393;1012.644775;2000.000000;5.710000;0.000000
2010-09-02 00:00:00;13.208750;16.850000;9.660000;89.729767;1.122778;294.332336;1011.814453;2000.000000;6.030000;0.230000
2010-09-03 00:00:00;14.253469;18.139999;9.230000;84.037445;0.507778;222.201172;1012.432739;2000.000000;3.340000;0.000000
2010-09-04 00:00:00;14.784405;19.540001;10.640000;74.178154;1.284685;187.724304;1012.858948;1949.426514;6.650000;0.060000
2010-09-05 00:00:00;13.694583;18.480000;8.670000;70.866737;1.603125;65.901161;1014.698486;2000.000000;7.890000;0.000000
2010-09-06 00:00:00;14.614726;19.030001;9.840000;58.861526;3.128194;92.752777;1009.958557;2000.000000;11.770000;0.000000
2010-09-07 00:00:00;12.816319;14.030000;11.680000;72.942551;3.084653;96.823402;999.767151;2000.000000;12.540000;0.730000
2010-09-08 00:00:00;13.964931;15.230000;12.170000;90.574310;2.440556;98.328720;996.311401;2000.000000;8.760000;1.340000
2010-09-09 00:00:00;14.888472;18.200001;12.300000;91.014633;1.470069;206.476181;1003.695190;2000.000000;9.020000;0.450001
2010-09-10 00:00:00;14.890069;17.520000;12.780000;93.061829;2.024305;219.490005;1011.705933;1818.159668;9.050000;0.029999
2010-09-11 00:00:00;18.303680;23.209999;13.760000;75.732864;1.369653;180.364761;1010.500122;2000.000000;9.040000;0.010000
2010-09-12 00:00:00;15.533543;18.040001;13.190000;89.777161;1.096458;240.367813;1011.290283;2000.000000;7.260000;0.090000
2010-09-13 00:00:00;14.401733;18.100000;10.930000;82.263870;1.704166;248.012421;1015.817261;2000.000000;7.480000;0.000000
2010-09-14 00:00:00;14.810140;16.230000;12.570000;93.401733;3.685071;223.140198;1007.117310;2000.000000;15.690000;0.750000
2010-09-15 00:00:00;13.840837;16.610001;11.520000;72.281509;4.187568;244.783661;999.623047;2000.000000;21.290001;0.640001
2010-09-16 00:00:00;11.405209;15.360000;7.940000;89.491051;2.601459;236.661682;999.663757;2000.000000;17.540001;2.029999
2010-09-17 00:00:00;11.470071;14.700000;9.520000;83.763885;2.479514;251.389786;1003.367737;2000.000000;10.370000;0.770000
2010-09-18 00:00:00;10.673963;13.790000;7.910000;82.991119;1.905695;240.213272;1008.693481;2000.000000;9.610000;0.119999
2010-09-19 00:00:00;11.020140;15.320000;6.140000;81.119896;2.100209;218.512665;1008.288635;2000.000000;11.760000;0.030001
2010-09-20 00:00:00;14.782366;17.990000;11.340000;72.654648;2.455209;220.952255;1006.558167;2000.000000;12.940000;0.000000
2010-09-21 00:00:00;14.929997;19.780001;12.220000;86.408676;0.940417;166.282761;1012.154602;2000.000000;4.570000;0.000000
2010-09-22 00:00:00;16.797150;24.290001;11.140000;77.616241;0.840347;133.994278;1011.452148;2000.000000;5.640000;0.000000
2010-09-23 00:00:00;18.207083;24.420000;12.090000;73.178596;0.864444;164.657761;1002.849304;2000.000000;7.920000;0.030001
2010-09-24 00:00:00;14.997847;17.040001;12.860000;94.722084;1.119167;206.047592;993.596802;2000.000000;6.690000;1.109999
2010-09-25 00:00:00;11.854585;14.810000;7.620000;74.950752;2.241528;280.737640;997.213440;2000.000000;9.410000;0.000000
2010-09-26 00:00:00;10.608262;15.920000;7.050000;79.670547;0.670069;191.730743;999.684998;2000.000000;3.990000;0.000000
2010-09-27 00:00:00;9.330209;10.550000;7.310000;97.035439;1.709305;246.746887;1001.926086;1997.875000;7.140000;2.060001
2010-09-28 00:00:00;11.598197;12.780000;9.120000;97.767235;0.901181;252.671219;1007.380737;2000.000000;4.380000;0.010000
2010-09-29 00:00:00;9.573059;13.200000;5.960000;83.315208;1.216875;117.132744;1011.679688;2000.000000;6.280000;0.000000
2010-09-30 00:00:00;9.985831;13.610000;5.770000;89.619865;1.482292;101.557541;1007.532532;2000.000000;5.530000;0.139999
2010-10-01 00:00:00;12.701180;17.290001;10.740000;87.053070;1.111111;177.524643;1004.977966;2000.000000;6.060000;0.119999
2010-10-02 00:00:00;13.246597;15.990000;10.990000;92.071823;1.580973;137.286728;1002.454651;2000.000000;8.430000;0.370001
2010-10-03 00:00:00;18.041115;23.790001;14.350000;74.798340;1.787639;126.093491;998.489685;2000.000000;11.790000;0.030001
2010-10-04 00:00:00;17.248960;22.490000;13.480000;76.313881;1.425069;99.996094;994.713440;2000.000000;5.610000;0.000000
2010-10-05 00:00:00;16.322012;20.590000;12.940000;83.552834;1.138680;159.542236;997.295593;2000.000000;7.850000;0.000000
2010-10-06 00:00:00;16.713125;19.830000;13.690000;81.763367;1.159375;171.172104;1003.398132;2000.000000;6.830000;0.000000
2010-10-07 00:00:00;16.090136;19.200001;14.000000;89.107292;1.331875;105.297653;1012.352234;2000.000000;6.290000;0.059999
2010-10-08 00:00:00;14.491529;16.920000;12.340000;85.070091;1.820069;81.640114;1012.105591;2000.000000;7.500000;0.000000
2010-10-09 00:00:00;13.716460;19.020000;9.530000;68.124588;2.184029;83.940865;1010.033630;2000.000000;9.610000;0.000000
2010-10-10 00:00:00;11.959168;17.830000;7.970000;65.920410;2.118819;64.103127;1007.471558;2000.000000;7.980000;0.000000
2010-10-11 00:00:00;9.949862;15.790000;4.900000;66.804008;1.764514;42.923676;1008.987732;2000.000000;9.030000;0.000000
2010-10-12 00:00:00;5.698958;10.080000;2.890000;90.074890;1.261250;152.705521;1010.141602;1721.736084;5.460000;0.000000
2010-10-13 00:00:00;7.614512;12.120000;4.230000;76.806534;1.286111;127.097656;1009.552185;2000.000000;6.900000;0.000000
2010-10-14 00:00:00;7.309721;10.910000;2.570000;90.658173;0.954167;273.461548;1008.540588;2000.000000;4.660000;0.000000
2010-10-15 00:00:00;10.065832;12.420000;8.910000;94.096466;1.669583;272.342316;1004.962036;2000.000000;7.260000;1.600000
2010-10-16 00:00:00;7.455483;8.840000;5.620000;90.317459;2.051250;140.995636;1004.517029;2000.000000;11.830000;0.680000
2010-10-17 00:00:00;6.098125;8.540000;4.490000;83.924026;1.373959;64.411591;1014.077271;2000.000000;8.050000;0.000000
2010-10-18 00:00:00;7.063890;10.530000;3.360000;80.096039;1.656250;208.038071;1011.234497;2000.000000;10.520000;0.049999
2010-10-19 00:00:00;8.501879;12.010000;6.820000;86.167427;2.772430;238.632629;997.109680;2000.000000;10.920000;1.010000
2010-10-20 00:00:00;6.277134;9.720000;3.080000;84.831467;2.655944;270.935333;1000.624695;2000.000000;14.210000;0.600000
2010-10-21 00:00:00;5.546527;9.970000;2.500000;76.425156;3.535417;235.635818;1011.608521;2000.000000;15.370000;0.019999
2010-10-22 00:00:00;7.287432;10.450000;5.300000;75.386253;2.948124;217.956726;1009.466553;2000.000000;11.420000;0.000000
2010-10-23 00:00:00;6.754583;8.960000;4.160000;75.853470;2.490417;197.278763;998.535034;2000.000000;11.880000;0.510000
2010-10-24 00:00:00;7.518471;10.940000;4.300000;78.975128;3.581807;254.017273;998.529724;2000.000000;14.310000;0.190001
2010-10-25 00:00:00;6.246599;10.420000;3.430000;77.733192;1.939723;290.020813;1013.495117;2000.000000;8.670000;0.000000
2010-10-26 00:00:00;6.104445;9.050000;2.060000;80.820953;1.841111;211.734314;1018.697937;2000.000000;7.540000;0.000000
2010-10-27 00:00:00;8.345624;10.860000;5.670000;79.519928;2.733611;204.310760;1012.936401;2000.000000;12.810000;0.219999
2010-10-28 00:00:00;9.606941;11.810000;6.830000;87.821739;2.810694;215.260208;1010.032104;2000.000000;11.100000;0.100000
2010-10-29 00:00:00;10.330416;14.080000;5.580000;77.422691;1.248889;146.188202;1001.782959;2000.000000;7.070000;0.000000
2010-10-30 00:00:00;11.656178;14.670000;8.010000;76.560837;1.149028;173.541687;994.378601;2000.000000;8.760000;0.010000
2010-10-31 00:00:00;8.622845;11.850000;5.710000;97.103195;0.769861;119.143829;995.389771;1970.937500;3.430000;1.110001
2010-11-01 00:00:00;7.411181;8.300000;5.780000;97.999756;1.009930;262.159790;1001.805115;1432.340332;5.970000;0.010000
2010-11-02 00:00:00;9.746878;12.700000;6.720000;90.742973;2.562222;214.259216;1004.316650;2000.000000;12.930000;0.000000
2010-11-03 00:00:00;11.957707;12.870000;10.420000;86.095490;3.674098;230.942520;1003.011475;2000.000000;14.970000;0.349998
2010-11-04 00:00:00;14.190349;15.610000;11.690000;92.347015;5.034029;234.074493;1007.691284;2000.000000;16.940001;0.350000
2010-11-05 00:00:00;13.183361;14.960000;12.080000;93.278305;4.919229;234.370255;1009.341553;2000.000000;18.280001;0.690001
2010-11-06 00:00:00;9.225696;13.740000;7.160000;95.900627;1.687083;237.978241;1003.962769;2000.000000;13.530000;4.940000
2010-11-07 00:00:00;6.004654;8.300000;3.930000;86.014572;1.604375;55.400280;996.575745;1983.694458;7.730000;0.000000
2010-11-08 00:00:00;4.537708;6.760000;3.110000;84.847160;2.795140;94.632912;978.039612;2000.000000;9.570000;0.070000
2010-11-09 00:00:00;5.211041;7.010000;3.410000;92.963348;2.076597;62.360718;971.600037;2000.000000;9.700000;0.350000
2010-11-10 00:00:00;5.780697;6.860000;3.650000;97.990746;1.680417;190.749893;981.476013;2000.000000;9.380000;0.650000
2010-11-11 00:00:00;5.124514;9.170000;2.830000;89.088898;3.053889;207.422302;989.843018;2000.000000;19.660000;2.710000
2010-11-12 00:00:00;10.290766;12.240000;7.920000;76.714569;5.270278;239.634659;982.421204;2000.000000;24.280001;1.650001
2010-11-13 00:00:00;10.133404;11.190000;9.280000;96.544144;1.876528;223.646744;986.444031;2000.000000;8.180000;3.429999
2010-11-14 00:00:00;12.512568;14.430000;9.860000;90.807999;2.677570;193.699280;988.636597;2000.000000;19.340000;0.400001
2010-11-15 00:00:00;8.270000;11.610000;6.110000;81.397720;1.730486;252.521210;1004.509460;2000.000000;15.360000;0.000000
2010-11-16 00:00:00;6.209167;9.130000;3.950000;87.362419;0.866458;182.936386;1012.912842;1993.236084;4.680000;0.000000
2010-11-17 00:00:00;4.927916;5.550000;4.310000;83.173134;2.000624;66.014099;1005.753784;2000.000000;6.480000;0.010000
2010-11-18 00:00:00;5.610486;7.150000;4.050000;87.129593;0.950695;120.635284;1001.225464;2000.000000;5.160000;0.020000
2010-11-19 00:00:00;7.072708;8.770000;5.510000;85.307014;0.910972;196.757324;1005.596375;2000.000000;4.350000;0.010000
2010-11-20 00:00:00;7.613195;9.070000;6.690000;84.533195;1.146389;146.299728;1006.614563;2000.000000;5.110000;0.000000
2010-11-21 00:00:00;5.523055;7.430000;3.680000;83.971649;2.321389;64.397354;1002.068604;2000.000000;9.940000;0.000000
2010-11-22 00:00:00;4.476735;6.040000;2.920000;79.478424;2.439097;169.681931;996.546326;2000.000000;10.410000;0.000000
2010-11-23 00:00:00;4.172152;5.760000;3.370000;86.558044;3.047570;290.801178;994.567261;2000.000000;14.870000;0.370000
2010-11-24 00:00:00;3.093403;4.410000;1.500000;88.407402;1.402083;237.924942;996.320618;2000.000000;7.330000;0.309999
2010-11-25 00:00:00;1.920486;3.070000;0.590000;92.320984;0.946597;139.496277;994.461914;2000.000000;4.710000;1.910000
2010-11-26 00:00:00;-0.828194;0.680000;-2.180000;89.010872;0.805278;251.121506;995.995361;2000.000000;3.710000;0.000000
2010-11-27 00:00:00;-1.465972;-0.050000;-2.720000;89.657852;1.127083;100.282684;996.820557;2000.000000;4.220000;0.000000
2010-11-28 00:00:00;-2.438263;-0.280000;-4.070000;83.805138;1.902500;63.624798;998.420471;2000.000000;9.290000;0.000000
2010-11-29 00:00:00;-2.014236;-0.610000;-3.510000;87.200981;1.939236;52.750904;1000.217224;2000.000000;7.790000;0.340000
2010-11-30 00:00:00;-2.169514;-0.490000;-4.420000;72.478607;3.217638;66.635902;1005.959106;2000.000000;11.570000;0.120001
2010-12-01 00:00:00;-6.851668;-4.520000;-8.080000;69.805267;4.307987;66.197296;1000.427979;2000.000000;15.010000;0.049999
2010-12-02 00:00:00;-7.286318;-6.170000;-8.260000;81.313560;1.571042;147.833206;1000.423584;2000.000000;9.100000;0.150000
2010-12-03 00:00:00;-5.820973;-3.330000;-8.440000;84.369781;1.442847;218.436737;1002.193665;2000.000000;5.730000;0.000000
2010-12-04 00:00:00;-2.791249;0.070000;-5.490000;80.367279;2.270347;186.934875;1004.658875;2000.000000;10.960000;0.660000
2010-12-05 00:00:00;0.422986;0.960000;-0.920000;98.055969;2.892709;213.882111;993.895264;1993.847168;11.890000;5.310001
2010-12-06 00:00:00;0.697361;2.380000;-1.840000;89.950783;0.809861;159.728073;993.495361;2000.000000;4.690000;0.000000
2010-12-07 00:00:00;-2.786319;-1.150000;-5.020000;94.978142;1.558264;108.254128;996.057190;1677.798584;6.310000;0.000000
2010-12-08 00:00:00;-1.595694;-0.900000;-3.280000;92.952347;1.864652;161.424454;997.953369;2000.000000;7.870000;0.260000
2010-12-09 00:00:00;0.045070;2.190000;-3.760000;90.930679;3.057083;266.240997;1009.428162;1989.437500;13.890000;4.309999
2010-12-10 00:00:00;0.800139;3.510000;-1.430000;99.509003;2.099722;243.141739;1016.811401;1872.090332;10.760000;1.070000
2010-12-11 00:00:00;5.129999;5.980000;3.450000;95.440559;4.098818;265.719238;1007.964844;2000.000000;12.290000;0.690001
2010-12-12 00:00:00;2.219722;5.220000;-2.630000;79.410919;3.051181;255.853027;1007.658203;2000.000000;12.710000;0.480000
2010-12-13 00:00:00;-3.358125;-1.740000;-4.870000;84.741821;1.536319;248.445938;1014.752686;1933.069458;6.990000;1.890001
2010-12-14 00:00:00;-3.459861;-2.060000;-6.190000;85.998299;1.826458;273.432312;1019.224182;2000.000000;8.360000;0.070000
2010-12-15 00:00:00;-3.462499;-0.240000;-7.190000;85.816925;1.505903;292.992004;1018.114807;2000.000000;7.830000;0.099998
2010-12-16 00:00:00;-3.323542;0.000000;-9.960000;97.523445;2.086180;228.586700;997.606323;1892.583374;12.330000;6.150002
2010-12-17 00:00:00;-2.685417;-1.360000;-4.390000;98.034515;1.147500;232.967987;986.046326;1999.479126;4.740000;0.189999
2010-12-18 00:00:00;-5.835626;-2.740000;-8.000000;89.961754;0.834861;128.838013;989.841125;2000.000000;4.460000;0.080002
2010-12-19 00:00:00;-4.096249;-2.180000;-7.760000;97.146759;1.484514;110.667007;985.875549;1914.055542;6.900000;1.669998
2010-12-20 00:00:00;-6.152711;-4.360000;-10.400000;96.269325;1.522500;222.509155;994.126404;1824.500000;9.030000;0.049999
2010-12-21 00:00:00;-5.709238;-1.680000;-11.640000;94.591270;0.846667;55.198257;996.838196;2000.000000;5.290000;0.030003
2010-12-22 00:00:00;-1.678889;-1.100000;-2.370000;95.344856;1.500694;139.312912;995.412231;2000.000000;5.780000;0.000000
2010-12-23 00:00:00;-2.084584;-0.930000;-3.200000;96.419365;1.780139;150.570877;993.923157;1964.145874;8.930000;2.799999
2010-12-24 00:00:00;-3.002986;-1.720000;-5.020000;94.183052;2.633959;192.194183;1000.050903;1957.826416;12.420000;2.410000
2010-12-25 00:00:00;-6.487571;-4.910000;-8.250000;88.378830;2.106042;303.927155;1013.361084;2000.000000;9.070000;0.000000
2010-12-26 00:00:00;-2.356528;0.840000;-7.290000;97.487907;2.181806;240.627686;1014.806335;1954.590332;7.580000;2.119999
2010-12-27 00:00:00;0.080417;1.010000;-0.810000;96.845985;1.855486;221.008789;1012.681885;1948.354126;8.850000;0.160000
2010-12-28 00:00:00;-0.950208;0.290000;-3.440000;82.841667;1.764445;96.753212;1011.537537;2000.000000;6.990000;0.000000
2010-12-29 00:00:00;-3.582708;-1.420000;-5.810000;86.168823;1.199167;76.217186;1014.785706;2000.000000;4.390000;0.000000
2010-12-30 00:00:00;-5.118958;-2.430000;-7.300000;97.733910;0.664792;224.713028;1016.404541;1280.388916;3.410000;0.000000
2010-12-31 00:00:00;-0.140000;0.490000;-2.120000;99.743279;2.593889;237.193817;1015.284912;1473.006958;7.480000;0.160000
